<?xml version="1.0" encoding="UTF-8"?>

<beans xmlns="http://www.springframework.org/schema/beans"
	xmlns:xsi="http://www.w3.org/2001/XMLSchema-instance" xmlns:context="http://www.springframework.org/schema/context"
	xmlns:mvc="http://www.springframework.org/schema/mvc" xmlns:security="http://www.springframework.org/schema/security"
	xsi:schemaLocation="http://www.springframework.org/schema/mvc http://www.springframework.org/schema/mvc/spring-mvc.xsd  
  http://www.springframework.org/schema/beans http://www.springframework.org/schema/beans/spring-beans.xsd  
  http://www.springframework.org/schema/context http://www.springframework.org/schema/context/spring-context.xsd
  http://www.springframework.org/schema/security 
        http://www.springframework.org/schema/security/spring-security.xsd">

	<context:component-scan base-package="com.EntityResolution" />
	<import resource="/spring-config.xml" />

	<mvc:annotation-driven />
	<mvc:default-servlet-handler />
	<bean id="viewResolver"
		class="org.springframework.web.servlet.view.InternalResourceViewResolver">
		<property name="prefix" value="/" />
		<property name="suffix" value=".html" />
	</bean>
	
	
	<bean id="multipartResolver"
		class="org.springframework.web.multipart.commons.CommonsMultipartResolver">
		<!-- max upload size in bytes -->
		<property name="maxUploadSize" value="10000000000" /> <!--  10,000 mb -->

		<!-- max size of file in memory (in bytes) -->
		<property name="maxInMemorySize" value="10000000" /> <!--  10,000 mb -->

	</bean>
	
	<mvc:resources mapping="/resources/**" location="/resources/" />
	<mvc:resources mapping="/templates/**" location="/templates/" />

</beans>
