<beans:beans xmlns="http://www.springframework.org/schema/security"
	xmlns:beans="http://www.springframework.org/schema/beans" xmlns:xsi="http://www.w3.org/2001/XMLSchema-instance"
	xsi:schemaLocation="http://www.springframework.org/schema/beans
	http://www.springframework.org/schema/beans/spring-beans-4.2.xsd
	http://www.springframework.org/schema/security
	http://www.springframework.org/schema/security/spring-security-4.0.xsd">

<http pattern="/registration-page" security="none" />

    <!-- enable use-expressions -->
	<http auto-config="true" use-expressions="true">
	
		
		<intercept-url pattern="/admin**" access="hasRole('ROLE_ADMIN')" />
		<intercept-url pattern="/welcome**" access="hasRole('ROLE_USER')" />
		
		<!-- access denied page -->
		<access-denied-handler error-page="/403" />
		
			<form-login 
			login-processing-url="/j_spring_security_check" 
			login-page="/"
			default-target-url="/welcome" 
			authentication-failure-url="/?error" 
			username-parameter="username"
			password-parameter="password" />
            
		<logout logout-success-url="/?logout"  delete-cookies="JSESSIONID" logout-url="/j_spring_security_logout"  />
		
		
		<csrf disabled="true"/>
		<!-- enable csrf protection -->
		<csrf/>
		
	</http>
	
	<!-- Select users and user_roles from password hashing database -->
	<authentication-manager>
	    
		<authentication-provider>
		    <password-encoder ref="encoder" />
			<jdbc-user-service data-source-ref="dataSource"
				users-by-username-query="select username,password, enabled from users where username=?"
				authorities-by-username-query="select username, role from user_roles where username =?" />
		</authentication-provider>
		
	</authentication-manager>
 
	<beans:bean id="encoder" class="org.springframework.security.crypto.bcrypt.BCryptPasswordEncoder">
		<beans:constructor-arg name="strength" value="10" />
	</beans:bean>

</beans:beans>