<?xml version="1.0" encoding="UTF-8"?>

<beans xmlns="http://www.springframework.org/schema/beans"
	xmlns:xsi="http://www.w3.org/2001/XMLSchema-instance" xmlns:context="http://www.springframework.org/schema/context"
	xmlns:mvc="http://www.springframework.org/schema/mvc" xmlns:security="http://www.springframework.org/schema/security"
	xsi:schemaLocation="http://www.springframework.org/schema/mvc http://www.springframework.org/schema/mvc/spring-mvc.xsd  
  http://www.springframework.org/schema/beans http://www.springframework.org/schema/beans/spring-beans.xsd  
  http://www.springframework.org/schema/context http://www.springframework.org/schema/context/spring-context.xsd
  http://www.springframework.org/schema/security 
        http://www.springframework.org/schema/security/spring-security.xsd">

	<context:component-scan base-package="com.rs.MerchantInfo" />
	
	<mvc:annotation-driven />
	
	<mvc:default-servlet-handler />
	<bean id="viewResolver"
		class="org.springframework.web.servlet.view.InternalResourceViewResolver">
		<property name="prefix" value="/html/" />
		<property name="suffix" value=".html" />
	</bean>
	
	<mvc:resources mapping="/resources/**" location="/resources/" />

</beans>
